id,text,cluster,category
1,Wow... Loved this place.,6,Overall Satisfaction
2,Crust is not good.,8,Food Quality
3,Not tasty and the texture was just nasty.,0,Food Quality
4,Stopped by during the late May bank holiday off Rick Steve recommendation and loved it.,1,Overall Satisfaction
5,The selection on the menu was great and so were the prices.,5,Value for Money
6,Now I am getting angry and I want my damn pho.,1,Overall Satisfaction
7,Honeslty it didn't taste THAT fresh.),0,Food Quality
8,The potatoes were like rubber and you could tell they had been made up ahead of time being kept under a warmer.,0,Food Quality
9,The fries were great too.,0,Food Quality
10,A great touch.,1,Ambience and Atmosphere
11,Service was very prompt.,9,Service Experience
12,Would not go back.,4,Overall Satisfaction
13,The cashier had no care what so ever on what I had to say it still ended up being wayyy overpriced.,7,Value for Money
14,"I tried the Cape Cod ravoli, chicken, with cranberry...mmmm!",8,Food Quality
15,I was disgusted because I was pretty sure that was human hair.,1,Service Experience
16,I was shocked because no signs indicate cash only.,1,Service Experience
17,Highly recommended.,1,Overall Satisfaction
18,Waitress was a little slow in service.,7,Service Experience
19,"This place is not worth your time, let alone Vegas.",6,Overall Satisfaction
20,did not like at all.,1,Overall Satisfaction
21,The Burrittos Blah!,8,Food Quality
22,"The food, amazing.",5,Food Quality
23,Service is also cute.,9,Service Experience
24,I could care less... The interior is just beautiful.,2,Ambience and Atmosphere
25,So they performed.,1,Overall Satisfaction
26,That's right....the red velvet cake.....ohhh this stuff is so good.,8,Food Quality
27,- They never brought a salad we asked for.,0,Service Experience
28,"This hole in the wall has great Mexican street tacos, and friendly staff.",5,Food Quality
29,"Took an hour to get our food only 4 tables in restaurant my food was Luke warm, Our sever was running around like he was totally overwhelmed.",3,Service Experience
30,The worst was the salmon sashimi.,0,Food Quality
31,"Also there are combos like a burger, fries, and beer for 23 which is a decent deal.",8,Value for Money
32,This was like the final blow!,1,Overall Satisfaction
33,I found this place by accident and I could not be happier.,6,Overall Satisfaction
34,"seems like a good quick place to grab a bite of some familiar pub food, but do yourself a favor and look elsewhere.",5,Food Quality
35,"Overall, I like this place a lot.",6,Overall Satisfaction
36,The only redeeming quality of the restaurant was that it was very inexpensive.,5,Value for Money
37,Ample portions and good prices.,2,Value for Money
38,"Poor service, the waiter made me feel like I was stupid every time he came to the table.",7,Service Experience
39,My first visit to Hiro was a delight!,6,Overall Satisfaction
40,Service sucks.,9,Service Experience
41,The shrimp tender and moist.,8,Food Quality
42,There is not a deal good enough that would drag me into that establishment again.,6,Overall Satisfaction
43,Hard to judge whether these sides were good because we were grossed out by the melted styrofoam and didn't want to eat it for fear of getting sick.,0,Food Quality
44,"On a positive note, our server was very attentive and provided great service.",9,Service Experience
45,"Frozen pucks of disgust, with some of the worst people behind the register.",1,Overall Satisfaction
46,The only thing I did like was the prime rib and dessert section.,0,Food Quality
47,It's too bad the food is so damn generic.,8,Food Quality
48,"The burger is good beef, cooked just right.",8,Food Quality
49,If you want a sandwich just go to any Firehouse!!!!!,8,Overall Satisfaction
50,"My side Greek salad with the Greek dressing was so tasty, and the pita and hummus was very refreshing.",0,Food Quality
51,We ordered the duck rare and it was pink and tender on the inside with a nice char on the outside.,8,Food Quality
52,He came running after us when he realized my husband had left his sunglasses on the table.,3,Service Experience
53,Their chow mein is so good!,8,Food Quality
54,"They have horrible attitudes towards customers, and talk down to each one when customers don't enjoy their food.",7,Service Experience
55,The portion was huge!,1,Value for Money
56,"Loved it...friendly servers, great food, wonderful and imaginative menu.",5,Overall Satisfaction
57,The Heart Attack Grill in downtown Vegas is an absolutely flat-lined excuse for a restaurant.,5,Overall Satisfaction
58,Not much seafood and like 5 strings of pasta at the bottom.,8,Food Quality
59,"The salad had just the right amount of sauce to not over power the scallop, which was perfectly cooked.",0,Food Quality
60,"The ripped banana was not only ripped, but petrified and tasteless.",0,Food Quality
61,At least think to refill my water before I struggle to wave you over for 10 minutes.,1,Service Experience
62,This place receives stars for their APPETIZERS!!!,5,Food Quality
63,The cocktails are all handmade and delicious.,8,Food Quality
64,We'd definitely go back here again.,4,Overall Satisfaction
65,We are so glad we found this place.,6,Overall Satisfaction
66,"Great food and service, huge portions and they give a military discount.",5,Overall Satisfaction
67,Always a great time at Dos Gringos!,6,Ambience and Atmosphere
68,Update.....went back for a second time and it was still just as amazing,1,Overall Satisfaction
69,We got the food and apparently they have never heard of salt and the batter on the fish was chewy.,0,Food Quality
70,A great way to finish a great.,1,Overall Satisfaction
71,"The deal included 5 tastings and 2 drinks, and Jeff went above and beyond what we expected.",0,Value for Money
72,"- Really, really good rice, all the time.",8,Food Quality
73,The service was meh.,9,Service Experience
74,"It took over 30 min to get their milkshake, which was nothing more than chocolate milk.",3,Service Experience
75,"I guess I should have known that this place would suck, because it is inside of the Excalibur, but I didn't use my common sense.",6,Overall Satisfaction
76,The scallop dish is quite appalling for value as well.,8,Value for Money
77,2 times - Very Bad Customer Service !,9,Service Experience
78,The sweet potato fries were very good and seasoned well.,0,Food Quality
79,Today is the second time I've been to their lunch buffet and it was pretty good.,5,Food Quality
80,There is so much good food in Vegas that I feel cheated for wasting an eating opportunity by going to Rice and Company.,5,Food Quality
81,Coming here is like experiencing an underwhelming relationship where both parties can't wait for the other person to ask to break up.,6,Overall Satisfaction
82,walked in and the place smelled like an old grease trap and only 2 others there eating.,3,Ambience and Atmosphere
83,The turkey and roast beef were bland.,0,Food Quality
84,This place has it!,6,Overall Satisfaction
85,The pan cakes everyone are raving about taste like a sugary disaster tailored to the palate of a six year old.,0,Food Quality
86,I love the Pho and the spring rolls oh so yummy you have to try.,8,Food Quality
87,The poor batter to meat ratio made the chicken tenders very unsatisfying.,0,Food Quality
88,All I have to say is the food was amazing!!!,0,Food Quality
89,Omelets are to die for!,1,Food Quality
90,Everything was fresh and delicious!,0,Food Quality
91,"In summary, this was a largely disappointing dining experience.",3,Overall Satisfaction
92,"It's like a really sexy party in your mouth, where you're outrageously flirting with the hottest person at the party.",1,Overall Satisfaction
93,"Never been to Hard Rock Casino before, WILL NEVER EVER STEP FORWARD IN IT AGAIN!",6,Overall Satisfaction
94,Best breakfast buffet!!!,5,Food Quality
95,say bye bye to your tip lady!,7,Service Experience
96,We'll never go again.,4,Overall Satisfaction
97,Will be back again!,4,Overall Satisfaction
98,Food arrived quickly!,3,Service Experience
99,It was not good.,1,Food Quality
100,"On the up side, their cafe serves really good food.",5,Food Quality
101,"Our server was fantastic and when he found out the wife loves roasted garlic and bone marrow, he added extra to our meal and another marrow to go!",5,Service Experience
102,"The only good thing was our waiter, he was very helpful and kept the bloddy mary's coming.",7,Service Experience
103,"Best Buffet in town, for the price you cannot beat it.",5,Value for Money
104,"I LOVED their mussels cooked in this wine reduction, the duck was tender, and their potato dishes were delicious.",0,Food Quality
105,This is one of the better buffets that I have been to.,5,Value for Money
106,So we went to Tigerlilly and had a fantastic afternoon!,5,Overall Satisfaction
107,"The food was delicious, our bartender was attentive and personable AND we got a great deal!",5,Overall Satisfaction
108,The ambience is wonderful and there is music playing.,2,Ambience and Atmosphere
109,Will go back next trip out.,4,Overall Satisfaction
110,Sooooo good!!,1,Overall Satisfaction
111,"REAL sushi lovers, let's be honest - Yama is not that good.",8,Food Quality
112,"At least 40min passed in between us ordering and the food arriving, and it wasn't that busy.",3,Service Experience
113,This is a really fantastic Thai restaurant which is definitely worth a visit.,5,Overall Satisfaction
114,"Nice, spicy and tender.",8,Food Quality
115,Good prices.,2,Value for Money
116,Check it out.,6,Overall Satisfaction
117,It was pretty gross!,1,Food Quality
118,I've had better atmosphere.,1,Ambience and Atmosphere
119,Kind of hard to mess up a steak but they did.,0,Food Quality
120,"Although I very much liked the look and sound of this place, the actual experience was a bit disappointing.",6,Overall Satisfaction
121,I just don't know how this place managed to served the blandest food I have ever eaten when they are preparing Indian cuisine.,8,Food Quality
122,"Worst service to boot, but that is the least of their worries.",9,Service Experience
123,Service was fine and the waitress was friendly.,7,Service Experience
124,"The guys all had steaks, and our steak loving son who has had steak at the best and worst places said it was the best steak he's ever eaten.",0,Food Quality
125,"We thought you'd have to venture further away to get good sushi, but this place really hit the spot that night.",8,Food Quality
126,"Host staff were, for lack of a better word, BITCHES!",7,Service Experience
127,Bland... Not a liking this place for a number of reasons and I don't want to waste time on bad reviewing.. I'll leave it at that...,2,Overall Satisfaction
128,"Phenomenal food, service and ambiance.",5,Overall Satisfaction
129,I wouldn't return.,4,Overall Satisfaction
130,"Definitely worth venturing off the strip for the pork belly, will return next time I'm in Vegas.",5,Value for Money
131,This place is way too overpriced for mediocre food.,8,Value for Money
132,Penne vodka excellent!,8,Food Quality
133,"They have a good selection of food including a massive meatloaf sandwich, a crispy chicken wrap, a delish tuna melt and some tasty burgers.",8,Food Quality
134,The management is rude.,7,Service Experience
135,"Delicious NYC bagels, good selections of cream cheese, real Lox with capers even.",8,Food Quality
136,"Great Subway, in fact it's so good when you come here every other Subway will not meet your expectations.",6,Food Quality
137,I had a seriously solid breakfast here.,0,Food Quality
138,This is one of the best bars with food in Vegas.,5,Overall Satisfaction
139,"He was extremely rude and really, there are so many other restaurants I would love to dine at during a weekend in Vegas.",5,Service Experience
140,My drink was never empty and he made some really great menu suggestions.,5,Service Experience
141,Don't do it!!!!,1,Overall Satisfaction
142,The waiter wasn't helpful or friendly and rarely checked on us.,7,Service Experience
143,My husband and I ate lunch here and were very disappointed with the food and service.,3,Overall Satisfaction
144,And the red curry had so much bamboo shoots and wasn't very tasty to me.,0,Food Quality
145,Nice blanket of moz over top but i feel like this was done to cover up the subpar food.,8,Food Quality
146,The bathrooms are clean and the place itself is well decorated.,2,Ambience and Atmosphere
147,"The menu is always changing, food quality is going down & service is extremely slow.",9,Service Experience
148,"The service was a little slow , considering that were served by 3 people servers so the food was coming in a slow pace.",3,Service Experience
149,I give it 2 thumbs down,1,Overall Satisfaction
150,We watched our waiter pay a lot more attention to other tables and ignore us.,7,Service Experience
151,My fiancé and I came in the middle of the day and we were greeted and seated right away.,3,Service Experience
152,This is a great restaurant at the Mandalay Bay.,5,Overall Satisfaction
153,We waited for forty five minutes in vain.,3,Service Experience
154,Crostini that came with the salad was stale.,0,Food Quality
155,Some highlights : Great quality nigiri here!,1,Food Quality
156,the staff is friendly and the joint is always clean.,7,Service Experience
157,this was a different cut than the piece the other day but still wonderful and tender s well as well flavored.,0,Food Quality
158,I ordered the Voodoo pasta and it was the first time I'd had really excellent pasta since going gluten free several years ago.,8,Food Quality
159,this place is good.,6,Overall Satisfaction
160,"Unfortunately, we must have hit the bakery on leftover day because everything we ordered was STALE.",0,Food Quality
161,I came back today since they relocated and still not impressed.,6,Overall Satisfaction
162,I was seated immediately.,3,Service Experience
163,"Their menu is diverse, and reasonably priced.",5,Value for Money
164,Avoid at all cost!,1,Overall Satisfaction
165,Restaurant is always full but never a wait.,3,Service Experience
166,DELICIOUS!!,8,Food Quality
167,This place is hands-down one of the best places to eat in the Phoenix metro area.,5,Overall Satisfaction
168,So don't go there if you are looking for good food...,8,Food Quality
169,I've never been treated so bad.,7,Service Experience
170,Bacon is hella salty.,8,Food Quality
171,"We also ordered the spinach and avocado salad, the ingredients were sad and the dressing literally had zero taste.",0,Food Quality
172,"This really is how Vegas fine dining used to be, right down to the menus handed to the ladies that have no prices listed.",5,Value for Money
173,The waitresses are very friendly.,7,Service Experience
174,"Lordy, the Khao Soi is a dish that is not to be missed for curry lovers!",8,Food Quality
175,Everything on the menu is terrific and we were also thrilled that they made amazing accommodations for our vegetarian daughter.,5,Food Quality
176,"Perhaps I caught them on an off night judging by the other reviews, but I'm not inspired to go back.",1,Overall Satisfaction
177,The service here leaves a lot to be desired.,9,Service Experience
178,"The atmosphere is modern and hip, while maintaining a touch of coziness.",2,Ambience and Atmosphere
179,"Not a weekly haunt, but definitely a place to come back to every once in a while.",6,Overall Satisfaction
180,We literally sat there for 20 minutes with no one asking to take our order.,3,Service Experience
181,"The burger had absolutely no flavor - the meat itself was totally bland, the burger was overcooked and there was no charcoal flavor.",0,Food Quality
182,I also decided not to send it back because our waitress looked like she was on the verge of having a heart attack.,3,Service Experience
183,I dressed up to be treated so rudely!,7,Service Experience
184,It was probably dirt.,1,Food Quality
185,"Love this place, hits the spot when I want something healthy but not lacking in quantity or flavor.",5,Overall Satisfaction
186,I ordered the Lemon raspberry ice cocktail which was also incredible.,0,Food Quality
187,"The food sucked, which we expected but it sucked more than we could have imagined.",0,Food Quality
188,Interesting decor.,2,Ambience and Atmosphere
189,What I really like there is the crepe station.,2,Ambience and Atmosphere
190,"Also were served hot bread and butter, and home made potato chips with bacon bits on top....very original and very good.",0,Food Quality
191,you can watch them preparing the delicious food!),8,Food Quality
192,Both of the egg rolls were fantastic.,0,Food Quality
193,"When my order arrived, one of the gyros was missing.",3,Service Experience
194,"I had a salad with the wings, and some ice cream for dessert and left feeling quite satisfied.",0,Overall Satisfaction
195,I'm not really sure how Joey's was voted best hot dog in the Valley by readers of Phoenix Magazine.,1,Food Quality
196,The best place to go for a tasty bowl of Pho!,8,Overall Satisfaction
197,The live music on Fridays totally blows.,1,Ambience and Atmosphere
198,I've never been more insulted or felt disrespected.,7,Service Experience
199,Very friendly staff.,7,Service Experience
200,It is worth the drive.,1,Value for Money
201,"I had heard good things about this place, but it exceeding every hope I could have dreamed of.",6,Overall Satisfaction
202,Food was great and so was the serivce!,0,Food Quality
203,The warm beer didn't help.,3,Value for Money
204,Great brunch spot.,2,Ambience and Atmosphere
205,Service is friendly and inviting.,9,Service Experience
206,Very good lunch spot.,5,Ambience and Atmosphere
207,I've lived here since 1979 and this was the first (and last) time I've stepped foot into this place.,6,Overall Satisfaction
208,The WORST EXPERIENCE EVER.,1,Overall Satisfaction
209,Must have been an off night at this place.,3,Overall Satisfaction
210,"The sides are delish - mixed mushrooms, yukon gold puree, white corn - beateous.",8,Food Quality
211,"If that bug never showed up I would have given a 4 for sure, but on the other side of the wall where this bug was climbing was the kitchen.",1,Service Experience
212,"For about 10 minutes, we we're waiting for her salad when we realized that it wasn't coming any time soon.",3,Service Experience
213,My friend loved the salmon tartar.,0,Food Quality
214,Won't go back.,4,Overall Satisfaction
215,Extremely Tasty!,8,Food Quality
216,Waitress was good though!,7,Service Experience
217,Soggy and not good.,0,Food Quality
218,The Jamaican mojitos are delicious.,8,Food Quality
219,Which are small and not worth the price.,2,Value for Money
220,- the food is rich so order accordingly.,8,Food Quality
221,"The shower area is outside so you can only rinse, not take a full shower, unless you don't mind being nude for everyone to see!",2,Ambience and Atmosphere
222,The service was a bit lacking.,9,Service Experience
223,"Lobster Bisque, Bussell Sprouts, Risotto, Filet ALL needed salt and pepper..and of course there is none at the tables.",8,Food Quality
224,Hopefully this bodes for them going out of business and someone who can cook can come in.,8,Food Quality
225,"It was either too cold, not enough flavor or just bad.",0,Food Quality
226,I loved the bacon wrapped dates.,0,Food Quality
227,This is an unbelievable BARGAIN!,1,Value for Money
228,The folks at Otto always make us feel so welcome and special.,7,Service Experience
229,"As for the ""mains,"" also uninspired.",1,Food Quality
230,This is the place where I first had pho and it was amazing!!,6,Overall Satisfaction
231,This wonderful experience made this place a must-stop whenever we are in town again.,6,Overall Satisfaction
232,"If the food isn't bad enough for you, then enjoy dealing with the world's worst/annoying drunk people.",8,Ambience and Atmosphere
233,Very very fun chef.,5,Service Experience
234,"Ordered a double cheeseburger & got a single patty that was falling apart (picture uploaded) Yeah, still sucks.",0,Food Quality
235,Great place to have a couple drinks and watch any and all sporting events as the walls are covered with TV's.,2,Ambience and Atmosphere
236,"If it were possible to give them zero stars, they'd have it.",1,Overall Satisfaction
237,"The descriptions said ""yum yum sauce"" and another said ""eel sauce"", yet another said ""spicy mayo""...well NONE of the rolls had sauces on them.",0,Food Quality
238,"I'd say that would be the hardest decision... Honestly, all of M's dishes taste how they are supposed to taste (amazing).",8,Food Quality
239,If she had not rolled the eyes we may have stayed... Not sure if we will go back and try it again.,4,Service Experience
240,"Everyone is very attentive, providing excellent customer service.",9,Service Experience
241,Horrible - don't waste your time and money.,1,Overall Satisfaction
242,Now this dish was quite flavourful.,0,Food Quality
243,By this time our side of the restaurant was almost empty so there was no excuse.,3,Ambience and Atmosphere
244,"(It wasn't busy either) Also, the building was FREEZING cold.",3,Ambience and Atmosphere
245,"like the other reviewer said ""you couldn't pay me to eat at this place again.""",3,Overall Satisfaction
246,-Drinks took close to 30 minutes to come out at one point.,3,Service Experience
247,"Seriously flavorful delights, folks.",8,Food Quality
248,Much better than the other AYCE sushi place I went to in Vegas.,5,Overall Satisfaction
249,The lighting is just dark enough to set the mood.,2,Ambience and Atmosphere
250,Based on the sub-par service I received and no effort to show their gratitude for my business I won't be going back.,9,Service Experience
251,Owner's are really great people.!,6,Service Experience
252,There is nothing privileged about working/eating there.,8,Overall Satisfaction
253,The Greek dressing was very creamy and flavorful.,0,Food Quality
254,"Overall, I don't think that I would take my parents to this place again because they made most of the similar complaints that I silently felt too.",6,Overall Satisfaction
255,Now the pizza itself was good the peanut sauce was very tasty.,0,Food Quality
256,We had 7 at our table and the service was pretty fast.,9,Service Experience
257,Fantastic service here.,9,Service Experience
258,I as well would've given godfathers zero stars if possible.,1,Overall Satisfaction
259,They know how to make them here.,6,Service Experience
260,very tough and very short on flavor!,8,Food Quality
261,I hope this place sticks around.,6,Overall Satisfaction
262,"I have been in more than a few bars in Vegas, and do not ever recall being charged for tap water.",3,Value for Money
263,The restaurant atmosphere was exquisite.,5,Ambience and Atmosphere
264,"Good service, very clean, and inexpensive, to boot!",9,Overall Satisfaction
265,The seafood was fresh and generous in portion.,0,Food Quality
266,"Plus, it's only 8 bucks.",1,Value for Money
267,"The service was not up to par, either.",9,Service Experience
268,"Thus far, have only visited twice and the food was absolutely delicious each time.",5,Food Quality
269,Just as good as when I had it more than a year ago!,1,Food Quality
270,"For a self proclaimed coffee cafe, I was wildly disappointed.",1,Overall Satisfaction
271,The Veggitarian platter is out of this world!,8,Food Quality
272,You cant go wrong with any of the food here.,8,Food Quality
273,You can't beat that.,1,Value for Money
274,"Stopped by this place while in Madison for the Ironman, very friendly, kind staff.",7,Service Experience
275,The chefs were friendly and did a good job.,7,Service Experience
276,"I've had better, not only from dedicated boba tea spots, but even from Jenni Pho.",8,Food Quality
277,I liked the patio and the service was outstanding.,9,Service Experience
278,The goat taco didn't skimp on the meat and wow what FLAVOR!,0,Food Quality
279,I think not again,4,Overall Satisfaction
280,I had the mac salad and it was pretty bland so I will not be getting that again.,0,Food Quality
281,I went to Bachi Burger on a friend's recommendation and was not disappointed.,5,Overall Satisfaction
282,Service stinks here!,9,Service Experience
283,I waited and waited.,3,Service Experience
284,"This place is not quality sushi, it is not a quality restaurant.",8,Food Quality
285,I would definitely recommend the wings as well as the pizza.,5,Food Quality
286,Great Pizza and Salads!,5,Food Quality
287,Things that went wrong: - They burned the saganaki.,1,Food Quality
288,We waited an hour for what was a breakfast I could have done 100 times better at home.,3,Food Quality
289,This place is amazing!,6,Overall Satisfaction
290,"I hate to disagree with my fellow Yelpers, but my husband and I were so disappointed with this place.",6,Overall Satisfaction
291,Waited 2 hours & never got either of our pizzas as many other around us who came in later did!,3,Service Experience
292,Just don't know why they were so slow.,3,Service Experience
293,"The staff is great, the food is delish, and they have an incredible beer selection.",5,Overall Satisfaction
294,"I live in the neighborhood so I am disappointed I won't be back here, because it is a convenient location.",6,Overall Satisfaction
295,I didn't know pulled pork could be soooo delicious.,8,Food Quality
296,"You get incredibly fresh fish, prepared with care.",8,Food Quality
297,Before I go in to why I gave a 1 star rating please know that this was my third time eating at Bachi burger before writing a review.,8,Overall Satisfaction
298,I love the fact that everything on their menu is worth it.,5,Value for Money
299,Never again will I be dining at this place!,5,Overall Satisfaction
300,The food was excellent and service was very good.,5,Overall Satisfaction
301,Good beer & drink selection and good food selection.,2,Food Quality
302,Please stay away from the shrimp stir fried noodles.,8,Food Quality
303,The potato chip order was sad... I could probably count how many chips were in that box and it was probably around 12.,0,Food Quality
304,Food was really boring.,0,Food Quality
305,Good Service-check!,9,Service Experience
306,This greedy corporation will NEVER see another dime from me!,1,Overall Satisfaction
307,"Will never, ever go back.",4,Overall Satisfaction
308,"As much as I'd like to go back, I can't get passed the atrocious service and will never return.",4,Service Experience
309,"In the summer, you can dine in a charming outdoor patio - so very delightful.",2,Ambience and Atmosphere
310,I did not expect this to be so good!,1,Overall Satisfaction
311,Fantastic food!,5,Food Quality
312,She ordered a toasted English muffin that came out untoasted.,0,Food Quality
313,The food was very good.,0,Food Quality
314,Never going back.,4,Overall Satisfaction
315,"Great food for the price, which is very high quality and house made.",5,Value for Money
316,The bus boy on the other hand was so rude.,7,Service Experience
317,"By this point, my friends and I had basically figured out this place was a joke and didn't mind making it publicly and loudly known.",6,Overall Satisfaction
318,"Back to good BBQ, lighter fare, reasonable pricing and tell the public they are back to the old ways.",2,Food Quality
319,"And considering the two of us left there very full and happy for about $20, you just can't go wrong.",1,Value for Money
320,All the bread is made in-house!,8,Food Quality
321,The only downside is the service.,9,Service Experience
322,"Also, the fries are without a doubt the worst fries I've ever had.",8,Food Quality
323,Service was exceptional and food was a good as all the reviews.,9,Service Experience
324,"A couple of months later, I returned and had an amazing meal.",3,Overall Satisfaction
325,Favorite place in town for shawarrrrrrma!!!!!!,6,Overall Satisfaction
326,The black eyed peas and sweet potatoes... UNREAL!,8,Food Quality
327,You won't be disappointed.,1,Overall Satisfaction
328,"They could serve it with just the vinaigrette and it may make for a better overall dish, but it was still very good.",8,Food Quality
329,"I go to far too many places and I've never seen any restaurant that serves a 1 egg breakfast, especially for $4.00.",8,Value for Money
330,When my mom and I got home she immediately got sick and she only had a few bites of salad.,3,Food Quality
331,The servers are not pleasant to deal with and they don't always honor Pizza Hut coupons.,9,Service Experience
332,"Both of them were truly unbelievably good, and I am so glad we went back.",1,Overall Satisfaction
333,"We had fantastic service, and were pleased by the atmosphere.",9,Ambience and Atmosphere
334,Everything was gross.,0,Food Quality
335,I love this place.,6,Overall Satisfaction
336,Great service and food.,9,Overall Satisfaction
337,First - the bathrooms at this location were dirty- Seat covers were not replenished & just plain yucky!!!,3,Ambience and Atmosphere
338,"The burger... I got the ""Gold Standard"" a $17 burger and was kind of disappointed.",0,Food Quality
339,"OMG, the food was delicioso!",0,Food Quality
340,There is nothing authentic about this place.,6,Overall Satisfaction
341,the spaghetti is nothing special whatsoever.,8,Food Quality
342,"Of all the dishes, the salmon was the best, but all were great.",0,Food Quality
343,The vegetables are so fresh and the sauce feels like authentic Thai.,8,Food Quality
344,It's worth driving up from Tucson!,6,Overall Satisfaction
345,The selection was probably the worst I've seen in Vegas.....there was none.,1,Food Quality
346,Pretty good beer selection too.,2,Ambience and Atmosphere
347,"This place is like Chipotle, but BETTER.",8,Food Quality
348,"Classy/warm atmosphere, fun and fresh appetizers, succulent steaks (Baseball steak!!!!!",2,Ambience and Atmosphere
349,5 stars for the brick oven bread app!,8,Food Quality
350,"I have eaten here multiple times, and each time the food was delicious.",8,Food Quality
351,We sat another ten minutes and finally gave up and left.,3,Service Experience
352,He was terrible!,1,Service Experience
353,Everyone is treated equally special.,7,Service Experience
354,It shouldn't take 30 min for pancakes and eggs.,3,Service Experience
355,It was delicious!!!,0,Food Quality
356,"On the good side, the staff was genuinely pleasant and enthusiastic - a real treat.",7,Service Experience
357,"Sadly, Gordon Ramsey's Steak is a place we shall sharply avoid during our next trip to Vegas.",5,Overall Satisfaction
358,As always the evening was wonderful and the food delicious!,5,Overall Satisfaction
359,Best fish I've ever had in my life!,8,Food Quality
360,(The bathroom is just next door and very nice.),2,Ambience and Atmosphere
361,The buffet is small and all the food they offered was BLAND.,0,Food Quality
362,This is an Outstanding little restaurant with some of the Best Food I have ever tasted.,5,Food Quality
363,Pretty cool I would say.,1,Overall Satisfaction
364,Definitely a turn off for me & i doubt I'll be back unless someone else is buying.,1,Overall Satisfaction
365,Server did a great job handling our large rowdy table.,9,Service Experience
366,"I find wasting food to be despicable, but this just wasn't food.",0,Food Quality
367,My wife had the Lobster Bisque soup which was lukewarm.,0,Food Quality
368,Would come back again if I had a sushi craving while in Vegas.,8,Overall Satisfaction
369,"The staff are great, the ambiance is great.",7,Ambience and Atmosphere
370,He deserves 5 stars.,1,Overall Satisfaction
371,I left with a stomach ache and felt sick the rest of the day.,3,Food Quality
372,They dropped more than the ball.,1,Overall Satisfaction
373,"The dining space is tiny, but elegantly decorated and comfortable.",2,Ambience and Atmosphere
374,"They will customize your order any way you'd like, my usual is Eggplant with Green Bean stir fry, love it!",8,Food Quality
375,And the beans and rice were mediocre at best.,0,Food Quality
376,Best tacos in town by far!!,5,Food Quality
377,I took back my money and got outta there.,4,Overall Satisfaction
378,"In an interesting part of town, this place is amazing.",6,Ambience and Atmosphere
379,RUDE & INCONSIDERATE MANAGEMENT.,7,Service Experience
380,"The staff are now not as friendly, the wait times for being served are horrible, no one even says hi for the first 10 minutes.",7,Service Experience
381,I won't be back.,4,Overall Satisfaction
382,They have great dinners.,5,Food Quality
383,The service was outshining & I definitely recommend the Halibut.,9,Service Experience
384,The food was terrible.,0,Food Quality
385,WILL NEVER EVER GO BACK AND HAVE TOLD MANY PEOPLE WHAT HAD HAPPENED.,4,Overall Satisfaction
386,I don't recommend unless your car breaks down in front of it and you are starving.,8,Overall Satisfaction
387,I will come back here every time I'm in Vegas.,4,Overall Satisfaction
388,This place deserves one star and 90% has to do with the food.,8,Food Quality
389,This is a disgrace.,1,Overall Satisfaction
390,Def coming back to bowl next time,4,Overall Satisfaction
391,"If you want healthy authentic or ethic food, try this place.",5,Food Quality
392,I will continue to come here on ladies night andddd date night ... highly recommend this place to anyone who is in the area.,6,Overall Satisfaction
393,"I have been here several times in the past, and the experience has always been great.",6,Overall Satisfaction
394,We walked away stuffed and happy about our first Vegas buffet experience.,3,Value for Money
395,Service was excellent and prices are pretty reasonable considering this is Vegas and located inside the Crystals shopping mall by Aria.,9,Service Experience
396,"To summarize... the food was incredible, nay, transcendant... but nothing brings me joy quite like the memory of the pneumatic condiment dispenser.",0,Food Quality
397,I'm probably one of the few people to ever go to Ians and not like it.,6,Overall Satisfaction
398,Kids pizza is always a hit too with lots of great side dish options for the kiddos!,8,Food Quality
399,Service is perfect and the family atmosphere is nice to see.,9,Service Experience
400,Cooked to perfection and the service was impeccable.,9,Service Experience
401,This one is simply a disappointment.,1,Overall Satisfaction
402,"Overall, I was very disappointed with the quality of food at Bouchon.",0,Food Quality
403,I don't have to be an accountant to know I'm getting screwed!,1,Value for Money
404,"Great place to eat, reminds me of the little mom and pop shops in the San Francisco Bay Area.",5,Ambience and Atmosphere
405,Today was my first taste of a Buldogis Gourmet Hot Dog and I have to tell you it was more than I ever thought possible.,0,Food Quality
406,Left very frustrated.,1,Overall Satisfaction
407,I'll definitely be in soon again.,4,Overall Satisfaction
408,Food was really good and I got full petty fast.,3,Food Quality
409,Service was fantastic.,9,Service Experience
410,TOTAL WASTE OF TIME.,1,Overall Satisfaction
411,I don't know what kind it is but they have the best iced tea.,8,Food Quality
412,"Come hungry, leave happy and stuffed!",8,Overall Satisfaction
413,"For service, I give them no stars.",9,Service Experience
414,I can assure you that you won't be disappointed.,1,Overall Satisfaction
415,I can take a little bad service but the food sucks.,9,Food Quality
416,Gave up trying to eat any of the crust (teeth still sore).,0,Food Quality
417,But now I was completely grossed out.,1,Overall Satisfaction
418,I really enjoyed eating here.,5,Overall Satisfaction
419,First time going but I think I will quickly become a regular.,6,Ambience and Atmosphere
420,"Our server was very nice, and even though he looked a little overwhelmed with all of our needs, he stayed professional and friendly until the end.",9,Service Experience
421,From what my dinner companions told me...everything was very fresh with nice texture and taste.,0,Food Quality
422,"On the ground, right next to our table was a large, smeared, been-stepped-in-and-tracked-everywhere pile of green bird poop.",3,Ambience and Atmosphere
423,"Furthermore, you can't even find hours of operation on the website!",9,Service Experience
424,We've tried to like this place but after 10+ times I think we're done with them.,6,Overall Satisfaction
425,What a mistake that was!,1,Overall Satisfaction
426,No complaints!,1,Overall Satisfaction
427,This is some seriously good pizza and I'm an expert/connisseur on the topic.,8,Food Quality
428,Waiter was a jerk.,7,Service Experience
429,"Strike 2, who wants to be rushed.",1,Service Experience
430,These are the nicest restaurant owners I've ever come across.,5,Service Experience
431,I never come again.,4,Overall Satisfaction
432,We loved the biscuits!!!,0,Food Quality
433,Service is quick and friendly.,9,Service Experience
434,Ordered an appetizer and took 40 minutes and then the pizza another 10 minutes.,3,Service Experience
435,So absolutley fantastic.,1,Overall Satisfaction
436,It was a huge awkward 1.5lb piece of cow that was 3/4ths gristle and fat.,0,Food Quality
437,definitely will come back here again.,4,Overall Satisfaction
438,I like Steiners because it's dark and it feels like a bar.,2,Ambience and Atmosphere
439,Wow very spicy but delicious.,8,Food Quality
440,"If you're not familiar, check it out.",6,Overall Satisfaction
441,I'll take my business dinner dollars elsewhere.,8,Service Experience
442,I'd love to go back.,4,Overall Satisfaction
443,"Anyway, this FS restaurant has a wonderful breakfast/lunch.",5,Food Quality
444,Nothing special.,2,Overall Satisfaction
445,Each day of the week they have a different deal and it's all so delicious!,8,Value for Money
446,"Not to mention the combination of pears, almonds and bacon is a big winner!",8,Food Quality
447,Will not be back.,4,Overall Satisfaction
448,Sauce was tasteless.,0,Food Quality
449,"The food is delicious and just spicy enough, so be sure to ask for spicier if you prefer it that way.",8,Food Quality
450,My ribeye steak was cooked perfectly and had great mesquite flavor.,0,Food Quality
451,I don't think we'll be going back anytime soon.,4,Overall Satisfaction
452,Food was so gooodd.,0,Food Quality
453,I am far from a sushi connoisseur but I can definitely tell the difference between good food and bad food and this was certainly bad food.,8,Food Quality
454,I was so insulted.,1,Service Experience
455,The last 3 times I had lunch here has been bad.,3,Food Quality
456,The chicken wings contained the driest chicken meat I have ever eaten.,0,Food Quality
457,"The food was very good and I enjoyed every mouthful, an enjoyable relaxed venue for couples small family groups etc.",5,Food Quality
458,Nargile - I think you are great.,1,Service Experience
459,Best tater tots in the southwest.,8,Food Quality
460,We loved the place.,6,Ambience and Atmosphere
461,Definitely not worth the $3 I paid.,1,Value for Money
462,The vanilla ice cream was creamy and smooth while the profiterole (choux) pastry was fresh enough.,0,Food Quality
463,Im in AZ all the time and now have my new spot.,6,Overall Satisfaction
464,The manager was the worst.,7,Service Experience
465,The inside is really quite nice and very clean.,2,Ambience and Atmosphere
466,The food was outstanding and the prices were very reasonable.,0,Food Quality
467,I don't think I'll be running back to Carly's anytime soon for food.,5,Overall Satisfaction
468,"This is was due to the fact that it took 20 minutes to be acknowledged, then another 35 minutes to get our food...and they kept forgetting things.",3,Service Experience
469,"Love the margaritas, too!",5,Overall Satisfaction
470,This was my first and only Vegas buffet and it did not disappoint.,5,Overall Satisfaction
471,"Very good, though!",1,Overall Satisfaction
472,The one down note is the ventilation could use some upgrading.,2,Ambience and Atmosphere
473,Great pork sandwich.,8,Food Quality
474,Don't waste your time here.,6,Overall Satisfaction
475,"Total letdown, I would much rather just go to the Camelback Flower Shop and Cartel Coffee.",6,Overall Satisfaction
476,"Third, the cheese on my friend's burger was cold.",0,Food Quality
477,We enjoy their pizza and brunch.,5,Overall Satisfaction
478,The steaks are all well trimmed and also perfectly cooked.,8,Food Quality
479,We had a group of 70+ when we claimed we would only have 40 and they handled us beautifully.,7,Service Experience
480,I LOVED it!,1,Overall Satisfaction
481,We asked for the bill to leave without eating and they didn't bring that either.,3,Service Experience
482,"This place is a jewel in Las Vegas, and exactly what I've been hoping to find in nearly ten years living here.",6,Ambience and Atmosphere
483,Seafood was limited to boiled shrimp and crab legs but the crab legs definitely did not taste fresh.,0,Food Quality
484,The selection of food was not the best.,0,Food Quality
485,Delicious and I will absolutely be back!,4,Overall Satisfaction
486,"This isn't a small family restaurant, this is a fine dining establishment.",5,Ambience and Atmosphere
487,They had a toro tartare with a cavier that was extraordinary and I liked the thinly sliced wagyu with white truffle.,0,Food Quality
488,I dont think I will be back for a very long time.,4,Overall Satisfaction
489,"It was attached to a gas station, and that is rarely a good sign.",3,Ambience and Atmosphere
490,How awesome is that.,1,Overall Satisfaction
491,I will be back many times soon.,4,Overall Satisfaction
492,The menu had so much good stuff on it i could not decide!,5,Value for Money
493,"Worse of all, he humiliated his worker right in front of me..Bunch of horrible name callings.",7,Service Experience
494,CONCLUSION: Very filling meals.,8,Food Quality
495,Their daily specials are always a hit with my group.,5,Value for Money
496,And then tragedy struck.,1,Overall Satisfaction
497,The pancake was also really good and pretty large at that.,0,Food Quality
498,"This was my first crawfish experience, and it was delicious!",8,Food Quality
499,Their monster chicken fried steak and eggs is my all time favorite.,8,Food Quality
500,Waitress was sweet and funny.,7,Service Experience
501,"I also had to taste my Mom's multi-grain pumpkin pancakes with pecan butter and they were amazing, fluffy, and delicious!",0,Food Quality
502,"I'd rather eat airline food, seriously.",8,Food Quality
503,Cant say enough good things about this place.,6,Overall Satisfaction
504,The ambiance was incredible.,1,Ambience and Atmosphere
505,The waitress and manager are so friendly.,7,Service Experience
506,I would not recommend this place.,6,Overall Satisfaction
507,Overall I wasn't very impressed with Noca.,1,Overall Satisfaction
508,My gyro was basically lettuce only.,0,Food Quality
509,Terrible service!,9,Service Experience
510,Thoroughly disappointed!,1,Overall Satisfaction
511,"I don't each much pasta, but I love the homemade /hand made pastas and thin pizzas here.",8,Food Quality
512,"Give it a try, you will be happy you did.",1,Overall Satisfaction
513,By far the BEST cheesecurds we have ever had!,8,Food Quality
514,Reasonably priced also!,2,Value for Money
515,Everything was perfect the night we were in.,1,Overall Satisfaction
516,The food is very good for your typical bar food.,5,Food Quality
517,it was a drive to get there.,3,Ambience and Atmosphere
518,"At first glance it is a lovely bakery cafe - nice ambiance, clean, friendly staff.",5,Ambience and Atmosphere
519,"Anyway, I do not think i will go back there.",4,Overall Satisfaction
520,"Point your finger at any item on the menu, order it and you won't be disappointed.",1,Overall Satisfaction
521,"Oh this is such a thing of beauty, this restaurant.",5,Ambience and Atmosphere
522,If you haven't gone here GO NOW!,6,Overall Satisfaction
523,"A greasy, unhealthy meal.",8,Food Quality
524,first time there and might just be the last.,6,Overall Satisfaction
525,Those burgers were amazing.,0,Food Quality
526,"Similarly, the delivery man did not say a word of apology when our food was 45 minutes late.",3,Service Experience
527,And it was way to expensive.,1,Value for Money
528,"Be sure to order dessert, even if you need to pack it to-go - the tiramisu and cannoli are both to die for.",8,Food Quality
529,This was my first time and I can't wait until the next.,1,Overall Satisfaction
530,The bartender was also nice.,7,Service Experience
531,Everything was good and tasty!,0,Food Quality
532,This place is two thumbs up....way up.,6,Overall Satisfaction
533,"The best place in Vegas for breakfast (just check out a Sat, or Sun.",5,Ambience and Atmosphere
534,"If you love authentic Mexican food and want a whole bunch of interesting, yet delicious meats to choose from, you need to try this place.",8,Food Quality
535,Terrible management.,7,Service Experience
536,An excellent new restaurant by an experienced Frenchman.,5,Ambience and Atmosphere
537,If there were zero stars I would give it zero stars.,1,Overall Satisfaction
538,"Great steak, great sides, great wine, amazing desserts.",5,Food Quality
539,Worst martini ever!,1,Food Quality
540,The steak and the shrimp are in my opinion the best entrees at GC.,8,Food Quality
541,I had the opportunity today to sample your amazing pizzas!,5,Food Quality
542,We waited for thirty minutes to be seated (although there were 8 vacant tables and we were the only folks waiting).,3,Service Experience
543,The yellowtail carpaccio was melt in your mouth fresh.,0,Food Quality
544,I won't try going back there even if it's empty.,6,Overall Satisfaction
545,"No, I'm going to eat the potato that I found some strangers hair in it.",8,Food Quality
546,Just spicy enough.. Perfect actually.,8,Food Quality
547,Last night was my second time dining here and I was so happy I decided to go back!,5,Overall Satisfaction
548,"not even a ""hello, we will be right with you.""",7,Service Experience
549,The desserts were a bit strange.,0,Food Quality
550,My boyfriend and I came here for the first time on a recent trip to Vegas and could not have been more pleased with the quality of food and service.,5,Overall Satisfaction
551,"I really do recommend this place, you can go wrong with this donut place!",6,Overall Satisfaction
552,Nice ambiance.,1,Ambience and Atmosphere
553,I would recommend saving room for this!,2,Food Quality
554,I guess maybe we went on an off night but it was disgraceful.,1,Overall Satisfaction
555,"However, my recent experience at this particular location was not so good.",6,Overall Satisfaction
556,"I know this is not like the other restaurants at all, something is very off here!",5,Overall Satisfaction
557,AVOID THIS ESTABLISHMENT!,6,Overall Satisfaction
558,I think this restaurant suffers from not trying hard enough.,5,Overall Satisfaction
559,All of the tapas dishes were delicious!,0,Food Quality
560,I *heart* this place.,6,Overall Satisfaction
561,My salad had a bland vinegrette on the baby greens and hearts of Palm.,0,Food Quality
562,After two I felt disgusting.,1,Overall Satisfaction
563,A good time!,1,Overall Satisfaction
564,I believe that this place is a great stop for those with a huge belly and hankering for sushi.,8,Value for Money
565,Generous portions and great taste.,8,Value for Money
566,I will never go back to this place and will never ever recommended this place to anyone!,6,Overall Satisfaction
567,"The servers went back and forth several times, not even so much as an ""Are you being helped?""",9,Service Experience
568,Food was delicious!,0,Food Quality
569,AN HOUR... seriously?,3,Service Experience
570,I consider this theft.,1,Overall Satisfaction
571,Eew... This location needs a complete overhaul.,6,Overall Satisfaction
572,We recently witnessed her poor quality of management towards other guests as well.,7,Service Experience
573,Waited and waited and waited.,3,Service Experience
574,"He also came back to check on us regularly, excellent service.",9,Service Experience
575,Our server was super nice and checked on us many times.,9,Service Experience
576,"The pizza tasted old, super chewy in not a good way.",0,Food Quality
577,I swung in to give them a try but was deeply disappointed.,1,Overall Satisfaction
578,Service was good and the company was better!,9,Service Experience
579,The staff are also very friendly and efficient.,7,Service Experience
580,"As for the service: I'm a fan, because it's quick and you're being served by some nice folks.",9,Service Experience
581,Boy was that sucker dry!!.,1,Food Quality
582,Over rated.,1,Overall Satisfaction
583,"If you look for authentic Thai food, go else where.",8,Food Quality
584,Their steaks are 100% recommended!,8,Food Quality
585,After I pulled up my car I waited for another 15 minutes before being acknowledged.,3,Service Experience
586,Great food and great service in a clean and friendly setting.,5,Overall Satisfaction
587,"All in all, I can assure you I'll be back.",4,Overall Satisfaction
588,I hate those things as much as cheap quality black olives.,8,Food Quality
589,"My breakfast was perpared great, with a beautiful presentation of 3 giant slices of Toast, lightly dusted with powdered sugar.",0,Food Quality
590,The kids play area is NASTY!,6,Ambience and Atmosphere
591,Great place fo take out or eat in.,6,Overall Satisfaction
592,The waitress was friendly and happy to accomodate for vegan/veggie options.,7,Service Experience
593,OMG I felt like I had never eaten Thai food until this dish.,8,Food Quality
594,"It was extremely ""crumby"" and pretty tasteless.",0,Food Quality
595,It was a pale color instead of nice and char and has NO flavor.,0,Food Quality
596,The croutons also taste homemade which is an extra plus.,8,Food Quality
597,I got home to see the driest damn wings ever!,1,Food Quality
598,It'll be a regular stop on my trips to Phoenix!,6,Overall Satisfaction
599,I really enjoyed Crema Café before they expanded. I even told friends they had the BEST breakfast.,5,Food Quality
600,Not good for the money.,1,Value for Money
601,I miss it and wish they had one in Philadelphia!,1,Overall Satisfaction
602,"We got sitting fairly fast, but, ended up waiting 40 minutes just to place our order, another 30 minutes before the food arrived.",3,Service Experience
603,They also have the best cheese crisp in town.,8,Food Quality
604,"Good value, great food, great service.",5,Overall Satisfaction
605,Couldn't ask for a more satisfying meal.,8,Overall Satisfaction
606,The food is good.,8,Food Quality
607,It was awesome.,1,Overall Satisfaction
608,I just wanted to leave.,1,Overall Satisfaction
609,We made the drive all the way from North Scottsdale... and I was not one bit disappointed!,6,Overall Satisfaction
610,I will not be eating there again.,8,Overall Satisfaction
611,!....THE OWNERS REALLY REALLY need to quit being soooooo cheap let them wrap my freaking sandwich in two papers not one!,8,Value for Money
612,I checked out this place a couple years ago and was not impressed.,6,Overall Satisfaction
613,"The chicken I got was definitely reheated and was only ok, the wedges were cold and soggy.",0,Food Quality
614,"Sorry, I will not be getting food from here anytime soon :(",8,Overall Satisfaction
615,An absolute must visit!,6,Overall Satisfaction
616,The cow tongue and cheek tacos are amazing.,8,Food Quality
617,My friend did not like his Bloody Mary.,0,Food Quality
618,"Despite how hard I rate businesses, its actually rare for me to give a 1 star.",1,Overall Satisfaction
619,They really want to make your experience a good one.,6,Service Experience
620,I will not return.,4,Overall Satisfaction
621,I had the chicken Pho and it tasted very bland.,0,Food Quality
622,Very disappointing!!!,1,Overall Satisfaction
623,The grilled chicken was so tender and yellow from the saffron seasoning.,0,Food Quality
624,"a drive thru means you do not want to wait around for half an hour for your food, but somehow when we end up going here they make us wait and wait.",3,Service Experience
625,Pretty awesome place.,6,Overall Satisfaction
626,Ambience is perfect.,2,Ambience and Atmosphere
627,Best of luck to the rude and non-customer service focused new management.,7,Service Experience
628,Any grandmother can make a roasted chicken better than this one.,8,Food Quality
629,I asked multiple times for the wine list and after some time of being ignored I went to the hostess and got one myself.,5,Service Experience
630,"The staff is always super friendly and helpful, which is especially cool when you bring two small boys and a baby!",7,Service Experience
631,Four stars for the food & the guy in the blue shirt for his great vibe & still letting us in to eat !,5,Overall Satisfaction
632,The roast beef sandwich tasted really good!,0,Food Quality
633,"Same evening, him and I are both drastically sick.",1,Overall Satisfaction
634,High-quality chicken on the chicken Caesar salad.,8,Food Quality
635,Ordered burger rare came in we'll done.,8,Food Quality
636,We were promptly greeted and seated.,3,Service Experience
637,Tried to go here for lunch and it was a madhouse.,3,Service Experience
638,"I was proven dead wrong by this sushi bar, not only because the quality is great, but the service is fast and the food, impeccable.",8,Food Quality
639,"After waiting an hour and being seated, I was not in the greatest of moods.",3,Service Experience
640,This is a good joint.,2,Overall Satisfaction
641,The Macarons here are insanely good.,8,Food Quality
642,I'm not eating here!,8,Overall Satisfaction
643,"Our waiter was very attentive, friendly, and informative.",7,Service Experience
644,Maybe if they weren't cold they would have been somewhat edible.,0,Food Quality
645,This place has a lot of promise but fails to deliver.,6,Overall Satisfaction
646,Very bad Experience!,1,Overall Satisfaction
647,What a mistake.,1,Overall Satisfaction
648,Food was average at best.,0,Food Quality
649,Great food.,5,Food Quality
650,We won't be going back anytime soon!,4,Overall Satisfaction
651,Very Very Disappointed ordered the $35 Big Bay Plater.,1,Value for Money
652,Great place to relax and have an awesome burger and beer.,5,Food Quality
653,It is PERFECT for a sit-down family meal or get together with a few friends.,5,Ambience and Atmosphere
654,"Not much flavor to them, and very poorly constructed.",0,Food Quality
655,The patio seating was very comfortable.,2,Ambience and Atmosphere
656,The fried rice was dry as well.,0,Food Quality
657,Hands down my favorite Italian restaurant!,5,Overall Satisfaction
658,"That just SCREAMS ""LEGIT"" in my book...somethat's also pretty rare here in Vegas.",6,Overall Satisfaction
659,It was just not a fun experience.,1,Overall Satisfaction
660,The atmosphere was great with a lovely duo of violinists playing songs we requested.,2,Ambience and Atmosphere
661,"I personally love the hummus, pita, baklava, falafels and Baba Ganoush (it's amazing what they do with eggplant!).",8,Food Quality
662,"Very convenient, since we were staying at the MGM!",2,Ambience and Atmosphere
663,The owners are super friendly and the staff is courteous.,7,Service Experience
664,Both great!,1,Overall Satisfaction
665,Eclectic selection.,2,Ambience and Atmosphere
666,The sweet potato tots were good but the onion rings were perfection or as close as I have had.,0,Food Quality
667,The staff was very attentive.,7,Service Experience
668,And the chef was generous with his time (even came around twice so we can take pictures with him).,3,Service Experience
669,"The owner used to work at Nobu, so this place is really similar for half the price.",6,Value for Money
670,Google mediocre and I imagine Smashburger will pop up.,1,Overall Satisfaction
671,dont go here.,6,Overall Satisfaction
672,I promise they won't disappoint.,1,Overall Satisfaction
673,As a sushi lover avoid this place by all means.,8,Food Quality
674,What a great double cheeseburger!,8,Food Quality
675,Awesome service and food.,9,Overall Satisfaction
676,A fantastic neighborhood gem !!!,6,Overall Satisfaction
677,I can't wait to go back.,4,Overall Satisfaction
678,The plantains were the worst I've ever tasted.,0,Food Quality
679,It's a great place and I highly recommend it.,6,Overall Satisfaction
680,Service was slow and not attentive.,9,Service Experience
681,"I gave it 5 stars then, and I'm giving it 5 stars now.",1,Overall Satisfaction
682,Your staff spends more time talking to themselves than me.,7,Service Experience
683,Dessert: Panna Cotta was amazing.,0,Food Quality
684,"Very good food, great atmosphere.1",5,Ambience and Atmosphere
685,Damn good steak.,8,Food Quality
686,Total brunch fail.,3,Overall Satisfaction
687,"Prices are very reasonable, flavors are spot on, the sauce is home made, and the slaw is not drenched in mayo.",8,Value for Money
688,"The decor is nice, and the piano music soundtrack is pleasant.",2,Ambience and Atmosphere
689,The steak was amazing...rge fillet relleno was the best seafood plate i have ever had!,0,Food Quality
690,"Good food , good service .",9,Overall Satisfaction
691,It was absolutely amazing.,1,Overall Satisfaction
692,"I probably won't be back, to be honest.",4,Overall Satisfaction
693,will definitely be back!,4,Overall Satisfaction
694,The sergeant pepper beef sandwich with auju sauce is an excellent sandwich as well.,8,Food Quality
695,"Hawaiian Breeze, Mango Magic, and Pineapple Delight are the smoothies that I've tried so far and they're all good.",8,Food Quality
696,Went for lunch - service was slow.,3,Service Experience
697,"We had so much to say about the place before we walked in that he expected it to be amazing, but was quickly disappointed.",6,Overall Satisfaction
698,I was mortified.,1,Overall Satisfaction
699,"Needless to say, we will never be back here again.",4,Overall Satisfaction
700,"Anyways, The food was definitely not filling at all, and for the price you pay you should expect more.",3,Value for Money
701,"The chips that came out were dripping with grease, and mostly not edible.",0,Food Quality
702,I wasn't really impressed with Strip Steak.,0,Overall Satisfaction
703,Have been going since 2007 and every meal has been awesome!!,5,Overall Satisfaction
704,Our server was very nice and attentive as were the other serving staff.,9,Service Experience
705,The cashier was friendly and even brought the food out to me.,7,Service Experience
706,I work in the hospitality industry in Paradise Valley and have refrained from recommending Cibo any longer.,6,Overall Satisfaction
707,The atmosphere here is fun.,2,Ambience and Atmosphere
708,Would not recommend to others.,1,Overall Satisfaction
709,"Service is quick and even ""to go"" orders are just like we like it!",9,Service Experience
710,"I mean really, how do you get so famous for your fish and chips when it's so terrible!?!",8,Food Quality
711,"That said, our mouths and bellies were still quite pleased.",0,Food Quality
712,Not my thing.,1,Overall Satisfaction
713,2 Thumbs Up!!,1,Overall Satisfaction
714,If you are reading this please don't go there.,6,Overall Satisfaction
715,"I loved the grilled pizza, reminded me of legit Italian pizza.",5,Food Quality
716,Only Pros : Large seating area/ Nice bar area/ Great simple drink menu/ The BEST brick oven pizza with homemade dough!,5,Food Quality
717,They have a really nice atmosphere.,2,Ambience and Atmosphere
718,Tonight I had the Elk Filet special...and it sucked.,1,Food Quality
719,"After one bite, I was hooked.",1,Overall Satisfaction
720,We ordered some old classics and some new dishes after going there a few times and were sorely disappointed with everything.,5,Food Quality
721,"Cute, quaint, simple, honest.",2,Ambience and Atmosphere
722,The chicken was deliciously seasoned and had the perfect fry on the outside and moist chicken on the inside.,0,Food Quality
723,"The food was great as always, compliments to the chef.",5,Food Quality
724,Special thanks to Dylan T. for the recommendation on what to order :) All yummy for my tummy.,8,Service Experience
725,Awesome selection of beer.,2,Ambience and Atmosphere
726,Great food and awesome service!,5,Overall Satisfaction
727,"One nice thing was that they added gratuity on the bill since our party was larger than 6 or 8, and they didn't expect more tip than that.",3,Service Experience
728,A FLY was in my apple juice.. A FLY!!!!!!!!,1,Food Quality
729,The Han Nan Chicken was also very tasty.,0,Food Quality
730,"As for the service, I thought it was good.",9,Service Experience
731,"The food was barely lukewarm, so it must have been sitting waiting for the server to bring it out to us.",3,Food Quality
732,Ryan's Bar is definitely one Edinburgh establishment I won't be revisiting.,6,Overall Satisfaction
733,Nicest Chinese restaurant I've been in a while.,5,Overall Satisfaction
734,"Overall, I like there food and the service.",5,Overall Satisfaction
735,They also now serve Indian naan bread with hummus and some spicy pine nut sauce that was out of this world.,8,Food Quality
736,"Probably never coming back, and wouldn't recommend it.",4,Overall Satisfaction
737,"Friend's pasta -- also bad, he barely touched it.",1,Food Quality
738,"Try them in the airport to experience some tasty food and speedy, friendly service.",5,Overall Satisfaction
739,I love the decor with the Chinese calligraphy wall paper.,2,Ambience and Atmosphere
740,Never had anything to complain about here.,6,Overall Satisfaction
741,The restaurant is very clean and has a family restaurant feel to it.,5,Ambience and Atmosphere
742,It was way over fried.,0,Food Quality
743,I'm not sure how long we stood there but it was long enough for me to begin to feel awkwardly out of place.,3,Service Experience
744,"When I opened the sandwich, I was impressed, but not in a good way.",0,Food Quality
745,Will not be back!,4,Overall Satisfaction
746,There was a warm feeling with the service and I felt like their guest for a special treat.,5,Service Experience
747,An extensive menu provides lots of options for breakfast.,8,Food Quality
748,"I always order from the vegetarian menu during dinner, which has a wide array of options to choose from.",8,Food Quality
749,"I have watched their prices inflate, portions get smaller and management attitudes grow rapidly!",9,Value for Money
750,Wonderful lil tapas and the ambience made me feel all warm and fuzzy inside.,2,Ambience and Atmosphere
751,"I got to enjoy the seafood salad, with a fabulous vinegrette.",5,Food Quality
752,"The wontons were thin, not thick and chewy, almost melt in your mouth.",0,Food Quality
753,"Level 5 spicy was perfect, where spice didn't over-whelm the soup.",0,Food Quality
754,We were sat right on time and our server from the get go was FANTASTIC!,3,Service Experience
755,"Main thing I didn't enjoy is that the crowd is of older crowd, around mid 30s and up.",1,Ambience and Atmosphere
756,"When I'm on this side of town, this will definitely be a spot I'll hit up again!",6,Overall Satisfaction
757,I had to wait over 30 minutes to get my drink and longer to get 2 arepas.,3,Service Experience
758,This is a GREAT place to eat!,5,Overall Satisfaction
759,The jalapeno bacon is soooo good.,8,Food Quality
760,The service was poor and thats being nice.,9,Service Experience
761,"Food was good, service was good, Prices were good.",9,Overall Satisfaction
762,The place was not clean and the food oh so stale!,0,Food Quality
763,"The chicken dishes are OK, the beef is like shoe leather.",8,Food Quality
764,But the service was beyond bad.,9,Service Experience
765,"I'm so happy to be here!!!""",6,Ambience and Atmosphere
766,Tasted like dirt.,0,Food Quality
767,One of the few places in Phoenix that I would definately go back to again .,4,Overall Satisfaction
768,The block was amazing.,1,Food Quality
769,"It's close to my house, it's low-key, non-fancy, affordable prices, good food.",2,Value for Money
770,* Both the Hot & Sour & the Egg Flower Soups were absolutely 5 Stars!,0,Food Quality
771,My sashimi was poor quality being soggy and tasteless.,0,Food Quality
772,Great time - family dinner on a Sunday night.,5,Overall Satisfaction
773,"the food is not tasty at all, not to say its ""real traditional Hunan style"".",8,Food Quality
774,"What did bother me, was the slow service.",9,Service Experience
775,The flair bartenders are absolutely amazing!,5,Service Experience
776,Their frozen margaritas are WAY too sugary for my taste.,8,Food Quality
777,These were so good we ordered them twice.,1,Food Quality
778,So in a nutshell: 1) The restaraunt smells like a combination of a dirty fish market and a sewer.,2,Ambience and Atmosphere
779,My girlfriend's veal was very bad.,1,Food Quality
780,"Unfortunately, it was not good.",1,Food Quality
781,I had a pretty satifying experience.,1,Overall Satisfaction
782,Join the club and get awesome offers via email.,6,Value for Money
783,"Perfect for someone (me) who only likes beer ice cold, or in this case, even colder.",2,Food Quality
784,Bland and flavorless is a good way of describing the barely tepid meat.,0,Food Quality
785,"The chains, which I'm no fan of, beat this place easily.",6,Overall Satisfaction
786,The nachos are a MUST HAVE!,8,Food Quality
787,We will not be coming back.,4,Overall Satisfaction
788,"I don't have very many words to say about this place, but it does everything pretty well.",6,Overall Satisfaction
789,"The staff is super nice and very quick even with the crazy crowds of the downtown juries, lawyers, and court staff.",7,Service Experience
790,"Great atmosphere, friendly and fast service.",2,Ambience and Atmosphere
791,When I received my Pita it was huge it did have a lot of meat in it so thumbs up there.,8,Food Quality
792,Once your food arrives it's meh.,8,Food Quality
793,Paying $7.85 for a hot dog and fries that looks like it came out of a kid's meal at the Wienerschnitzel is not my idea of a good meal.,8,Value for Money
794,The classic Maine Lobster Roll was fantastic.,0,Food Quality
795,"My brother in law who works at the mall ate here same day, and guess what he was sick all night too.",3,Food Quality
796,So good I am going to have to review this place twice - once hereas a tribute to the place and once as a tribute to an event held here last night.,6,Overall Satisfaction
797,"The chips and salsa were really good, the salsa was very fresh.",0,Food Quality
798,This place is great!!!!!!!!!!!!!!,6,Overall Satisfaction
799,Mediocre food.,8,Food Quality
800,Once you get inside you'll be impressed with the place.,6,Ambience and Atmosphere
801,I'm super pissd.,1,Overall Satisfaction
802,And service was super friendly.,9,Service Experience
803,Why are these sad little vegetables so overcooked?,8,Food Quality
804,This place was such a nice surprise!,6,Overall Satisfaction
805,They were golden-crispy and delicious.,0,Food Quality
806,"I had high hopes for this place since the burgers are cooked over a charcoal grill, but unfortunately the taste fell flat, way flat.",8,Food Quality
807,I could eat their bruschetta all day it is devine.,8,Food Quality
808,Not a single employee came out to see if we were OK or even needed a water refill once they finally served us our food.,3,Service Experience
809,"Lastly, the mozzarella sticks, they were the best thing we ordered.",8,Food Quality
810,"The first time I ever came here I had an amazing experience, I still tell people how awesome the duck was.",6,Overall Satisfaction
811,The server was very negligent of our needs and made us feel very unwelcome... I would not suggest this place!,9,Service Experience
812,The service was terrible though.,9,Service Experience
813,"This place is overpriced, not consistent with their boba, and it really is OVERPRICED!",6,Value for Money
814,It was packed!!,1,Ambience and Atmosphere
815,I love this place.,6,Overall Satisfaction
816,I can say that the desserts were yummy.,0,Food Quality
817,The food was terrible.,0,Food Quality
818,The seasonal fruit was fresh white peach puree.,0,Food Quality
819,It kept getting worse and worse so now I'm officially done.,1,Overall Satisfaction
820,This place should honestly be blown up.,6,Overall Satisfaction
821,But I definitely would not eat here again.,8,Overall Satisfaction
822,Do not waste your money here!,6,Value for Money
823,I love that they put their food in nice plastic containers as opposed to cramming it in little paper takeout boxes.,8,Food Quality
824,The crêpe was delicate and thin and moist.,0,Food Quality
825,Awful service.,9,Service Experience
826,Won't ever go here again.,4,Overall Satisfaction
827,Food quality has been horrible.,0,Food Quality
828,For that price I can think of a few place I would have much rather gone.,2,Value for Money
829,The service here is fair at best.,9,Service Experience
830,"I do love sushi, but I found Kabuki to be over-priced, over-hip and under-services.",8,Service Experience
831,Do yourself a favor and stay away from this dish.,8,Overall Satisfaction
832,Very poor service.,9,Service Experience
833,No one at the table thought the food was above average or worth the wait that we had for it.,3,Overall Satisfaction
834,"Best service and food ever, Maria our server was so good and friendly she made our day.",9,Service Experience
835,They were excellent.,1,Overall Satisfaction
836,I paid the bill but did not tip because I felt the server did a terrible job.,9,Service Experience
837,Just had lunch here and had a great experience.,5,Overall Satisfaction
838,I have never had such bland food which surprised me considering the article we read focused so much on their spices and flavor.,0,Food Quality
839,Food is way overpriced and portions are fucking small.,8,Value for Money
840,I recently tried Caballero's and I have been back every week since!,6,Overall Satisfaction
841,"for 40 bucks a head, i really expect better food.",8,Value for Money
842,The food came out at a good pace.,3,Service Experience
843,"I ate there twice on my last visit, and especially enjoyed the salmon salad.",5,Food Quality
844,I won't be back.,4,Overall Satisfaction
845,We could not believe how dirty the oysters were!,0,Food Quality
846,This place deserves no stars.,6,Overall Satisfaction
847,I would not recommend this place.,6,Overall Satisfaction
848,"In fact I'm going to round up to 4 stars, just because she was so awesome.",1,Service Experience
849,"To my disbelief, each dish qualified as the worst version of these foods I have ever tasted.",0,Food Quality
850,"Bad day or not, I have a very low tolerance for rude customer service people, it is your job to be nice and polite, wash dishes otherwise!!",7,Service Experience
851,the potatoes were great and so was the biscuit.,0,Food Quality
852,I probably would not go here again.,4,Overall Satisfaction
853,So flavorful and has just the perfect amount of heat.,8,Food Quality
854,The price is reasonable and the service is great.,9,Value for Money
855,"The Wife hated her meal (coconut shrimp), and our friends really did not enjoy their meals, either.",0,Food Quality
856,My fella got the huevos rancheros and they didn't look too appealing.,0,Food Quality
857,"Went in for happy hour, great list of wines.",5,Ambience and Atmosphere
858,Some may say this buffet is pricey but I think you get what you pay for and this place you are getting quite a lot!,5,Value for Money
859,I probably won't be coming back here.,4,Overall Satisfaction
860,Worst food/service I've had in a while.,9,Overall Satisfaction
861,"This place is pretty good, nice little vibe in the restaurant.",5,Ambience and Atmosphere
862,Talk about great customer service of course we will be back.,9,Service Experience
863,"Hot dishes are not hot, cold dishes are close to room temp.I watched staff prepare food with BARE HANDS, no gloves.Everything is deep fried in oil.",8,Food Quality
864,I love their fries and their beans.,8,Food Quality
865,Always a pleasure dealing with him.,7,Service Experience
866,"They have a plethora of salads and sandwiches, and everything I've tried gets my seal of approval.",8,Food Quality
867,This place is awesome if you want something light and healthy during the summer.,2,Food Quality
868,"For sushi on the Strip, this is the place to go.",8,Food Quality
869,"The service was great, even the manager came and helped with our table.",9,Service Experience
870,The feel of the dining room was more college cooking course than high class dining and the service was slow at best.,3,Ambience and Atmosphere
871,"I started this review with two stars, but I'm editing it to give it only one.",1,Overall Satisfaction
872,this is the worst sushi i have ever eat besides Costco's.,8,Food Quality
873,"All in all an excellent restaurant highlighted by great service, a unique menu, and a beautiful setting.",5,Overall Satisfaction
874,My boyfriend and i sat at the bar and had a completely delightful experience.,5,Overall Satisfaction
875,Weird vibe from owners.,1,Ambience and Atmosphere
876,There was hardly any meat.,0,Food Quality
877,I've had better bagels from the grocery store.,8,Food Quality
878,Go To Place for Gyros.,6,Overall Satisfaction
879,"I love the owner/chef, his one authentic Japanese cool dude!",5,Ambience and Atmosphere
880,"Now the burgers aren't as good, the pizza which used to be amazing is doughy and flavorless.",0,Food Quality
881,I found a six inch long piece of wire in my salsa.,8,Food Quality
882,"The service was terrible, food was mediocre.",9,Service Experience
883,We definately enjoyed ourselves.,1,Overall Satisfaction
884,I ordered Albondigas soup - which was just warm - and tasted like tomato soup with frozen meatballs.,0,Food Quality
885,"On three different occasions I asked for well done or medium well, and all three times I got the bloodiest piece of meat on my plate.",8,Food Quality
886,I had about two bites and refused to eat anymore.,0,Food Quality
887,The service was extremely slow.,9,Service Experience
888,"After 20 minutes wait, I got a table.",3,Service Experience
889,Seriously killer hot chai latte.,8,Food Quality
890,"No allergy warnings on the menu, and the waitress had absolutely no clue as to which meals did or did not contain peanuts.",0,Service Experience
891,My boyfriend tried the Mediterranean Chicken Salad and fell in love.,8,Food Quality
892,Their rotating beers on tap is also a highlight of this place.,2,Ambience and Atmosphere
893,Pricing is a bit of a concern at Mellow Mushroom.,8,Value for Money
894,Worst Thai ever.,1,Food Quality
895,If you stay in Vegas you must get breakfast here at least once.,5,Overall Satisfaction
896,I want to first say our server was great and we had perfect service.,9,Service Experience
897,The pizza selections are good.,8,Food Quality
898,"I had strawberry tea, which was good.",0,Food Quality
899,Highly unprofessional and rude to a loyal patron!,7,Service Experience
900,"Overall, a great experience.",2,Overall Satisfaction
901,Spend your money elsewhere.,1,Value for Money
902,Their regular toasted bread was equally satisfying with the occasional pats of butter... Mmmm...!,0,Food Quality
903,The Buffet at Bellagio was far from what I anticipated.,5,Food Quality
904,"And the drinks are WEAK, people!",8,Food Quality
905,-My order was not correct.,1,Service Experience
906,"Also, I feel like the chips are bought, not made in house.",8,Food Quality
907,After the disappointing dinner we went elsewhere for dessert.,3,Overall Satisfaction
908,The chips and sals a here is amazing!!!!!!!!!!!!!!!!!!!,8,Food Quality
909,We won't be returning.,4,Overall Satisfaction
910,This is my new fav Vegas buffet spot.,5,Overall Satisfaction
911,I seriously cannot believe that the owner has so many unexperienced employees that all are running around like chickens with their heads cut off.,7,Service Experience
912,"Very, very sad.",1,Overall Satisfaction
913,"i felt insulted and disrespected, how could you talk and judge another human being like that?",7,Service Experience
914,"How can you call yourself a steakhouse if you can't properly cook a steak, I don't understand!",8,Food Quality
915,I'm not impressed with the concept or the food.,8,Food Quality
916,The only thing I wasn't too crazy about was their guacamole as I don't like it puréed.,0,Food Quality
917,"There is really nothing for me at postinos, hope your experience is better",6,Overall Satisfaction
918,I got food poisoning here at the buffet.,3,Food Quality
919,They brought a fresh batch of fries and I was thinking yay something warm but no!,0,Food Quality
920,"What SHOULD have been a hilarious, yummy Christmas Eve dinner to remember was the biggest fail of the entire trip for us.",0,Overall Satisfaction
921,"Needless to say, I won't be going back anytime soon.",4,Overall Satisfaction
922,This place is disgusting!,6,Ambience and Atmosphere
923,"Every time I eat here, I see caring teamwork to a professional degree.",7,Service Experience
924,The RI style calamari was a joke.,1,Food Quality
925,"However, there was so much garlic in the fondue, it was barely edible.",0,Food Quality
926,"I could barely stomach the meal, but didn't complain because it was a business lunch.",3,Overall Satisfaction
927,"It was so bad, I had lost the heart to finish it.",1,Food Quality
928,It also took her forever to bring us the check when we asked for it.,3,Service Experience
929,We aren't ones to make a scene at restaurants but I just don't get it...definitely lost the love after this one!,5,Overall Satisfaction
930,Disappointing experience.,1,Overall Satisfaction
931,"The food is about on par with Denny's, which is to say, not good at all.",8,Food Quality
932,"If you want to wait for mediocre food and downright terrible service, then this is the place for you.",5,Overall Satisfaction
933,WAAAAAAyyyyyyyyyy over rated is all I am saying.,1,Ambience and Atmosphere
934,We won't be going back.,4,Overall Satisfaction
935,The place was fairly clean but the food simply wasn't worth it.,0,Value for Money
936,This place lacked style!!,6,Ambience and Atmosphere
937,"The sangria was about half of a glass wine full and was $12, ridiculous.",1,Value for Money
938,Don't bother coming here.,6,Overall Satisfaction
939,"The meat was pretty dry, I had the sliced brisket and pulled pork.",0,Food Quality
940,"The building itself seems pretty neat, the bathroom is pretty trippy, but I wouldn't eat here again.",2,Ambience and Atmosphere
941,It was equally awful.,1,Overall Satisfaction
942,Probably not in a hurry to go back.,4,Overall Satisfaction
943,very slow at seating even with reservation.,3,Service Experience
944,Not good by any stretch of the imagination.,1,Overall Satisfaction
945,The cashew cream sauce was bland and the vegetables were undercooked.,0,Food Quality
946,"The chipolte ranch dipping sause was tasteless, seemed thin and watered down with no heat.",0,Food Quality
947,"It was a bit too sweet, not really spicy enough, and lacked flavor.",0,Food Quality
948,I was VERY disappointed!!,1,Overall Satisfaction
949,This place is horrible and way overpriced.,6,Value for Money
950,"Maybe it's just their Vegetarian fare, but I've been twice and I thought it was average at best.",8,Overall Satisfaction
951,It wasn't busy at all and now we know why.,3,Service Experience
952,The tables outside are also dirty a lot of the time and the workers are not always friendly and helpful with the menu.,7,Service Experience
953,"The ambiance here did not feel like a buffet setting, but more of a douchey indoor garden for tea and biscuits.",5,Ambience and Atmosphere
954,Con: spotty service.,9,Service Experience
955,"The fries were not hot, and neither was my burger.",0,Food Quality
956,But then they came back cold.,1,Overall Satisfaction
957,"Then our food came out, disappointment ensued.",3,Service Experience
958,The real disappointment was our waiter.,7,Service Experience
959,My husband said she was very rude... did not even apologize for the bad food or anything.,7,Service Experience
960,The only reason to eat here would be to fill up before a night of binge drinking just to get some carbs in your stomach.,8,Value for Money
961,"Insults, profound deuchebaggery, and had to go outside for a smoke break while serving just to solidify it.",3,Service Experience
962,If someone orders two tacos don't' you think it may be part of customer service to ask if it is combo or ala cart?,8,Service Experience
963,She was quite disappointed although some blame needs to be placed at her door.,1,Overall Satisfaction
964,After all the rave reviews I couldn't wait to eat here......what a disappointment!,5,Overall Satisfaction
965,Del Taco is pretty nasty and should be avoided if possible.,8,Food Quality
966,It's NOT hard to make a decent hamburger.,8,Food Quality
967,But I don't like it.,1,Overall Satisfaction
968,Hell no will I go back,4,Overall Satisfaction
969,We've have gotten a much better service from the pizza place next door than the services we received from this restaurant.,9,Service Experience
970,"I don't know what the big deal is about this place, but I won't be back ""ya'all"".",6,Overall Satisfaction
971,I immediately said I wanted to talk to the manager but I did not want to talk to the guy who was doing shots of fireball behind the bar.,7,Service Experience
972,The ambiance isn't much better.,1,Ambience and Atmosphere
973,"Unfortunately, it only set us up for disapppointment with our entrees.",6,Overall Satisfaction
974,The food wasn't good.,0,Food Quality
975,"Your servers suck, wait, correction, our server Heimer sucked.",9,Service Experience
976,What happened next was pretty....off putting.,1,Overall Satisfaction
977,"too bad cause I know it's family owned, I really wanted to like this place.",6,Overall Satisfaction
978,Overpriced for what you are getting.,1,Value for Money
979,I vomited in the bathroom mid lunch.,3,Food Quality
980,"I kept looking at the time and it had soon become 35 minutes, yet still no food.",3,Service Experience
981,"I have been to very few places to eat that under no circumstances would I ever return to, and this tops the list.",8,Overall Satisfaction
982,We started with the tuna sashimi which was brownish in color and obviously wasn't fresh.,0,Food Quality
983,Food was below average.,0,Food Quality
984,It sure does beat the nachos at the movies but I would expect a little bit more coming from a restaurant.,8,Overall Satisfaction
985,"All in all, Ha Long Bay was a bit of a flop.",1,Overall Satisfaction
986,The problem I have is that they charge $11.99 for a sandwich that is no bigger than a Subway sub (which offers better and more amount of vegetables).,8,Value for Money
987,Shrimp- When I unwrapped it (I live only 1/2 a mile from Brushfire) it was literally ice cold.,0,Food Quality
988,"It lacked flavor, seemed undercooked, and dry.",0,Food Quality
989,It really is impressive that the place hasn't closed down.,6,Overall Satisfaction
990,I would avoid this place if you are staying in the Mirage.,6,Overall Satisfaction
991,The refried beans that came with my meal were dried out and crusty and the food was bland.,0,Food Quality
992,Spend your money and time some place else.,6,Overall Satisfaction
993,A lady at the table next to us found a live green caterpillar In her salad.,8,Food Quality
994,the presentation of the food was awful.,0,Food Quality
995,I can't tell you how disappointed I was.,1,Overall Satisfaction
996,I think food should have flavor and texture and both were lacking.,0,Food Quality
997,Appetite instantly gone.,3,Overall Satisfaction
998,Overall I was not impressed and would not go back.,1,Overall Satisfaction
999,"The whole experience was underwhelming, and I think we'll just go to Ninja Sushi next time.",1,Overall Satisfaction
1000,"Then, as if I hadn't wasted enough of my life there, they poured salt in the wound by drawing out the time it took to bring the check.",3,Service Experience
